<?xml version="1.0" encoding="utf-8"?>
<productAdditionalComps>
   <dependsOn>
      <component>
         <name>GA</name>
         <locale/>
         <platformList>
            <platform>maci64</platform>
         </platformList>
         <version>0.2</version>
      </component>
   </dependsOn>
   <isControllingProduct>true</isControllingProduct>
   <platform>maci64</platform>
   <productName>GA</productName>
   <productNumber>5000</productNumber>
   <productBaseCode>GA</productBaseCode>
   <productVersion>0.2</productVersion>
   <releaseFamily>R2018a</releaseFamily>
   <releaseDescription>R2018a</releaseDescription>
</productAdditionalComps>