<?xml version="1.0" encoding="utf-8"?>
<ApplicationInstallerManifest>
   <DefaultInstallationDirectory>/Applications/United_International_College/GA/</DefaultInstallationDirectory>
   <ApplicationName>GA</ApplicationName>
   <ExecutableName>application/ </ExecutableName>
   <GUID>44a6bd3d-eac1-4037-8eae-76fbeb3a8765</GUID>
   <ApplicationIcon>default_icon_48.png</ApplicationIcon>
   <Logo>default_logo.png</Logo>
   <Version>0.2</Version>
   <InstallationNotes>In the following directions, replace MR/v94 by the directory on the target machine where MATLAB is installed, or MR by the directory where the MATLAB Runtime is installed.

If the environment variable DYLD_LIBRARY_PATH is undefined, set it to the following string:

MR/v94/runtime/maci64:MR/v94/sys/os/maci64:MR/v94/bin/maci64:MR/v94/extern/bin/maci64

If it is defined, set it to the following:

${DYLD_LIBRARY_PATH}:MR/v94/runtime/maci64:MR/v94/sys/os/maci64:MR/v94/bin/maci64:MR/v94/extern/bin/maci64
</InstallationNotes>
   <AuthorOrganization>United International College</AuthorOrganization>
   <WelcomePanelText>GA 0.2

Genetic Algoritmh

TerenceLau
t_lau@uicstat.com</WelcomePanelText>
   <MCRProducts>
      <MCRProduct>
         <ExternalProductIdentifier>35000</ExternalProductIdentifier>
      </MCRProduct>
      <MCRProduct>
         <ExternalProductIdentifier>35010</ExternalProductIdentifier>
      </MCRProduct>
   </MCRProducts>
</ApplicationInstallerManifest>